{
  "project_info": {
    "project_number": "981126365020",
    "project_id": "movie-5642c",
    "storage_bucket": "movie-5642c.appspot.com"
  },
  "client": [
    {
      "client_info": {
        "mobilesdk_app_id": "1:981126365020:android:a9e2cda59cab42331f0b99",
        "android_client_info": {
          "package_name": "com.ticket.movie"
        }
      },
      "oauth_client": [
        {
          "client_id": "981126365020-4775honab62aqj40kfjiuogdqf7l967c.apps.googleusercontent.com",
          "client_type": 3
        }
      ],
      "api_key": [
        {
          "current_key": "AIzaSyB-e-37PwhHGPooyAHB3eJHoudIWz4KGAw"
        }
      ],
      "services": {
        "appinvite_service": {
          "other_platform_oauth_client": [
            {
              "client_id": "981126365020-4775honab62aqj40kfjiuogdqf7l967c.apps.googleusercontent.com",
              "client_type": 3
            }
          ]
        }
      }
    }
  ],
  "configuration_version": "1"
}